{
  "kind": "collectionType",
  "collectionName": "accounts",
  "info": {
    "name": "account",
    "description": ""
  },
  "options": {
    "increments": true,
    "timestamps": true,
    "draftAndPublish": false
  },
  "attributes": {
    "owner": {
      "plugin": "users-permissions",
      "model": "user",
      "via": "account"
    },
    "type": {
      "type": "enumeration",
      "enum": [
        "basic",
        "premium",
        "gold"
      ],
      "required": true
    },
    "is_active": {
      "type": "boolean",
      "default": false
    },
    "sortcode": {
      "type": "integer",
      "required": true,
      "max": 999999
    },
    "number": {
      "type": "integer",
      "required": true,
      "unique": false,
      "max": 99999999
    },
    "currency": {
      "type": "enumeration",
      "enum": [
        "eur",
        "gbp"
      ],
      "required": true
    },
    "current_balance": {
      "type": "decimal",
      "required": true,
      "default": 0
    },
    "card": {
      "via": "source_account",
      "model": "card"
    }
  }
}
